<?xml version="1.0" encoding="UTF-8"?>
<project-private xmlns="http://www.netbeans.org/ns/project-private/1">
    <editor-bookmarks xmlns="http://www.netbeans.org/ns/editor-bookmarks/2" lastBookmarkId="0"/>
    <open-files xmlns="http://www.netbeans.org/ns/projectui-open-files/2">
        <group>
            <file>file:/D:/repos/TCP_conversor/src/conversores/Distancia.java</file>
            <file>file:/D:/repos/TCP_conversor/src/conversores/Peso.java</file>
            <file>file:/D:/repos/TCP_conversor/src/conversores/Memoria.java</file>
            <file>file:/D:/repos/TCP_conversor/src/conversores/Tiempo.java</file>
            <file>file:/D:/repos/TCP_conversor/src/Conversor/Conversor.java</file>
            <file>file:/D:/repos/TCP_conversor/src/conversores/Temperatura.java</file>
        </group>
    </open-files>
</project-private>
